Employee_ID,Age,Department,Job_Role,Years_At_Company,Monthly_Income,Job_Satisfaction,Performance_Rating,Attrition
EMP0001,50,Sales,Manager,5,5668,4,3,No
EMP0002,36,HR,Technician,6,3802,3,3,No
EMP0003,29,Sales,Technician,11,8059,4,3,No
EMP0004,42,Finance,Technician,8,3195,2,3,No
EMP0005,40,Sales,Specialist,2,5187,4,3,Yes
EMP0006,44,R&D,Director,14,14707,4,3,No
EMP0007,32,Finance,Director,1,5330,4,3,No
EMP0008,32,Sales,Analyst,13,13551,4,3,No
EMP0009,45,Sales,Specialist,2,7841,1,3,No
EMP0010,57,Sales,Technician,11,6606,1,3,No
EMP0011,45,Sales,Technician,8,11468,1,3,Yes
EMP0012,24,Finance,Manager,11,3060,3,3,No
EMP0013,43,R&D,Manager,6,14582,3,3,No
EMP0014,23,Sales,Technician,8,13105,2,3,No
EMP0015,45,R&D,Technician,12,6927,1,3,No
EMP0016,51,Finance,Specialist,1,9296,3,3,Yes
EMP0017,59,R&D,Director,4,5591,4,3,No
EMP0018,23,IT,Manager,12,11758,4,3,No
EMP0019,42,Sales,Director,3,12763,1,3,No
EMP0020,54,Finance,Specialist,14,9121,2,3,No
EMP0021,33,IT,Technician,1,4200,2,4,Yes
EMP0022,43,Finance,Director,8,5854,4,3,No
EMP0023,46,IT,Technician,8,14087,2,3,No
EMP0024,48,Sales,Technician,5,10024,1,3,Yes
EMP0025,49,Sales,Analyst,10,12428,4,3,No
EMP0026,37,R&D,Director,5,9972,3,3,No
EMP0027,36,R&D,Director,7,3136,3,3,Yes
EMP0028,24,Sales,Technician,5,4029,2,4,No
EMP0029,58,Sales,Specialist,0,13348,4,3,No
EMP0030,28,Sales,Analyst,3,5594,4,4,No
EMP0031,42,Sales,Technician,12,10206,3,3,No
EMP0032,30,IT,Manager,6,3661,4,3,No
EMP0033,39,Sales,Manager,12,5472,4,3,No
EMP0034,25,Finance,Analyst,12,13869,4,3,No
EMP0035,46,Finance,Specialist,1,13500,2,3,No
EMP0036,35,IT,Technician,8,3086,4,3,No
EMP0037,30,HR,Director,7,13704,1,3,No
EMP0038,47,Finance,Analyst,7,9219,2,4,No
EMP0039,23,IT,Specialist,6,11143,4,4,No
EMP0040,41,IT,Director,3,9968,4,3,Yes
EMP0041,49,R&D,Manager,1,14134,1,3,Yes
EMP0042,28,Sales,Manager,2,5773,2,3,Yes
EMP0043,29,Sales,Director,11,13696,3,3,No
EMP0044,56,R&D,Analyst,5,14502,3,3,No
EMP0045,35,HR,Manager,11,4700,2,3,No
EMP0046,38,Finance,Technician,11,14862,4,3,No
EMP0047,57,Finance,Director,4,5700,4,3,No
EMP0048,25,R&D,Director,11,9815,3,4,No
EMP0049,23,IT,Manager,7,14821,3,3,No
EMP0050,27,HR,Analyst,5,4647,3,4,No
EMP0051,25,Finance,Technician,5,9038,1,3,No
EMP0052,50,IT,Analyst,0,8164,3,3,No
EMP0053,39,HR,Specialist,3,8520,1,3,No
EMP0054,47,Sales,Specialist,4,14510,2,3,No
EMP0055,55,Finance,Manager,11,6687,4,3,No
EMP0056,31,Sales,Manager,10,3596,3,3,No
EMP0057,57,R&D,Manager,2,7545,4,3,Yes
EMP0058,35,Finance,Specialist,12,11676,4,3,Yes
EMP0059,52,Sales,Analyst,8,11837,3,3,No
EMP0060,36,Finance,Analyst,0,14281,3,3,No
EMP0061,29,Sales,Manager,5,7757,2,3,No
EMP0062,35,IT,Technician,5,7384,1,3,No
EMP0063,44,R&D,Analyst,9,11912,1,3,No
EMP0064,42,IT,Specialist,4,7733,4,3,No
EMP0065,37,Finance,Director,11,10081,3,4,No
EMP0066,39,R&D,Director,14,11690,2,3,No
EMP0067,45,Sales,Director,4,10117,2,3,No
EMP0068,47,IT,Technician,9,7729,2,3,No
EMP0069,46,Sales,Manager,13,4673,2,3,No
EMP0070,50,R&D,Specialist,12,14259,2,3,No
EMP0071,36,Sales,Technician,4,11306,1,3,Yes
EMP0072,22,Sales,Specialist,5,14171,1,3,No
EMP0073,46,Finance,Specialist,7,12928,1,3,No
EMP0074,28,HR,Manager,1,14803,3,3,No
EMP0075,30,Sales,Director,5,10178,4,3,Yes
EMP0076,45,R&D,Manager,0,13445,2,3,No
EMP0077,22,HR,Technician,3,5294,3,4,Yes
EMP0078,29,Sales,Technician,13,6630,2,3,No
EMP0079,45,R&D,Technician,9,3146,1,3,No
EMP0080,32,IT,Manager,2,6453,3,3,Yes
EMP0081,38,HR,Specialist,8,7507,1,3,No
EMP0082,29,HR,Specialist,2,8783,2,4,Yes
EMP0083,56,Finance,Analyst,14,10751,2,3,No
EMP0084,56,Sales,Technician,5,13602,4,4,No
EMP0085,54,Finance,Specialist,0,8628,2,4,No
EMP0086,26,Sales,Analyst,11,11328,1,3,Yes
EMP0087,49,R&D,Specialist,5,6360,2,3,No
EMP0088,28,Sales,Technician,3,6005,4,3,Yes
EMP0089,30,Sales,Director,7,6552,4,4,Yes
EMP0090,29,Finance,Technician,12,3018,1,3,No
EMP0091,33,R&D,Manager,10,5242,3,3,No
EMP0092,55,R&D,Specialist,8,9318,2,3,No
EMP0093,54,R&D,Specialist,3,8097,4,3,No
EMP0094,44,R&D,Manager,9,11640,2,3,No
EMP0095,45,Finance,Manager,11,4948,2,3,No
EMP0096,58,R&D,Director,9,12137,3,4,No
EMP0097,56,HR,Specialist,5,8618,4,4,No
EMP0098,43,Sales,Specialist,0,7236,2,4,No
EMP0099,48,Sales,Director,3,9901,4,3,No
EMP0100,56,Finance,Analyst,6,4920,1,3,No
EMP0101,22,Sales,Director,11,14169,1,3,Yes
EMP0102,56,Finance,Technician,14,7188,2,3,No
EMP0103,58,Sales,Specialist,0,3238,4,3,No
EMP0104,35,Sales,Manager,7,3204,2,3,No
EMP0105,24,IT,Technician,11,13799,4,3,No
EMP0106,22,R&D,Specialist,9,8552,4,4,Yes
EMP0107,26,R&D,Director,11,7927,3,3,No
EMP0108,47,Finance,Technician,10,14580,3,3,No
EMP0109,35,R&D,Specialist,5,14164,3,3,No
EMP0110,48,Finance,Analyst,4,7390,2,3,No
EMP0111,30,Sales,Analyst,9,5687,3,3,No
EMP0112,36,IT,Manager,10,7951,3,4,No
EMP0113,36,Finance,Specialist,14,9160,1,4,No
EMP0114,47,HR,Analyst,13,8388,4,4,No
EMP0115,34,IT,Director,8,12540,4,4,No
EMP0116,53,Sales,Specialist,1,8126,3,3,Yes
EMP0117,53,IT,Director,4,3816,4,3,No
EMP0118,25,R&D,Director,5,12012,1,3,Yes
EMP0119,51,Sales,Analyst,6,3192,1,3,No
EMP0120,58,R&D,Specialist,4,4776,3,3,No
EMP0121,44,Sales,Technician,8,6645,1,3,No
EMP0122,36,R&D,Analyst,0,9314,4,3,No
EMP0123,50,Finance,Analyst,6,11442,2,3,No
EMP0124,57,Finance,Specialist,9,4788,4,3,No
EMP0125,34,IT,Specialist,6,10374,2,3,No
EMP0126,53,R&D,Director,3,6700,3,3,No
EMP0127,28,HR,Specialist,8,13655,2,3,No
EMP0128,43,Sales,Director,13,12359,1,3,No
EMP0129,49,Sales,Analyst,11,6893,4,3,No
EMP0130,23,Sales,Manager,10,9811,2,3,No
EMP0131,27,Sales,Technician,4,12288,4,3,No
EMP0132,49,Finance,Analyst,3,5679,3,3,No
EMP0133,49,Sales,Specialist,12,13039,3,3,No
EMP0134,41,Sales,Technician,6,6904,1,3,Yes
EMP0135,51,R&D,Manager,3,10260,3,3,No
EMP0136,32,R&D,Manager,14,3504,2,3,No
EMP0137,49,R&D,Director,2,12813,3,3,Yes
EMP0138,46,IT,Technician,8,13664,1,3,No
EMP0139,54,R&D,Director,10,13738,4,3,No
EMP0140,22,R&D,Analyst,7,12579,4,3,No
EMP0141,48,Sales,Technician,0,14186,3,3,No
EMP0142,34,Finance,Analyst,6,9773,2,3,No
EMP0143,24,IT,Director,8,6816,1,3,No
EMP0144,27,Finance,Technician,7,3717,2,3,No
EMP0145,29,HR,Director,7,14676,1,3,Yes
EMP0146,48,Sales,Technician,12,7434,3,3,No
EMP0147,30,R&D,Director,5,3658,1,3,No
EMP0148,58,IT,Manager,10,8057,1,3,No
EMP0149,54,Finance,Director,3,7008,3,3,No
EMP0150,45,HR,Manager,7,7994,2,3,No
EMP0151,36,Finance,Director,2,7234,3,3,Yes
EMP0152,53,Finance,Technician,12,6764,1,3,Yes
EMP0153,53,HR,Technician,8,14181,3,4,No
EMP0154,45,IT,Technician,12,7637,1,3,Yes
EMP0155,33,IT,Specialist,1,5104,3,3,No
EMP0156,23,HR,Analyst,1,12447,4,3,No
EMP0157,24,HR,Technician,11,9801,4,3,No
EMP0158,58,R&D,Manager,12,13674,3,3,No
EMP0159,38,HR,Technician,14,11575,2,3,No
EMP0160,23,R&D,Specialist,11,5607,1,3,No
EMP0161,23,Sales,Manager,6,11385,4,4,No
EMP0162,49,IT,Specialist,11,14999,2,3,No
EMP0163,44,Sales,Manager,9,6719,1,3,No
EMP0164,58,Sales,Director,3,5581,4,4,No
EMP0165,53,Sales,Analyst,9,5565,4,3,No
EMP0166,54,R&D,Analyst,7,5763,3,4,No
EMP0167,22,Finance,Specialist,8,13990,1,3,No
EMP0168,40,R&D,Analyst,6,9328,2,4,No
EMP0169,23,R&D,Specialist,4,8991,2,3,Yes
EMP0170,47,Sales,Specialist,7,13531,2,3,No
EMP0171,53,Finance,Specialist,3,6406,1,4,Yes
EMP0172,27,Finance,Analyst,1,11923,2,3,Yes
EMP0173,53,R&D,Specialist,10,14064,2,3,No
EMP0174,25,Sales,Analyst,14,14312,2,3,No
EMP0175,32,Sales,Specialist,11,7780,3,3,Yes
EMP0176,38,HR,Technician,5,7177,3,3,No
EMP0177,59,HR,Specialist,8,9476,1,3,No
EMP0178,45,Sales,Manager,0,5604,1,3,Yes
EMP0179,26,Sales,Specialist,10,11181,2,3,Yes
EMP0180,55,Sales,Director,9,5382,3,3,Yes
EMP0181,27,IT,Specialist,11,3531,4,3,No
EMP0182,43,Sales,Manager,6,9079,4,3,No
EMP0183,32,Sales,Manager,9,3634,2,3,No
EMP0184,37,Sales,Analyst,8,12961,2,3,Yes
EMP0185,54,Sales,Technician,9,14996,3,3,No
EMP0186,30,Finance,Specialist,8,13562,3,3,No
EMP0187,27,Sales,Analyst,9,3002,3,3,No
EMP0188,37,HR,Technician,10,11397,1,3,No
EMP0189,50,Finance,Specialist,12,8951,1,4,Yes
EMP0190,24,Sales,Director,2,13813,2,3,Yes
EMP0191,41,Sales,Specialist,10,8626,1,3,Yes
EMP0192,57,IT,Manager,12,10739,3,3,No
EMP0193,40,Sales,Manager,4,9003,3,3,Yes
EMP0194,47,Sales,Director,7,5890,1,4,Yes
EMP0195,24,IT,Analyst,7,14385,4,3,No
EMP0196,40,R&D,Technician,3,13858,2,3,No
EMP0197,41,R&D,Specialist,14,9239,4,4,No
EMP0198,53,Sales,Manager,14,11026,2,3,No
EMP0199,28,IT,Analyst,11,6306,4,3,No
EMP0200,54,R&D,Director,10,3897,1,3,Yes
EMP0201,39,R&D,Manager,10,12277,2,3,No
EMP0202,22,R&D,Director,0,12471,2,4,No
EMP0203,32,R&D,Specialist,0,3670,2,4,No
EMP0204,49,R&D,Technician,14,10291,3,3,No
EMP0205,46,Sales,Manager,3,4505,3,3,No
EMP0206,44,Sales,Manager,5,9460,4,4,No
EMP0207,52,R&D,Specialist,7,14767,1,3,Yes
EMP0208,51,Sales,Analyst,5,8167,3,3,No
EMP0209,56,R&D,Technician,11,13147,2,4,Yes
EMP0210,28,Sales,Manager,8,8255,3,3,No
EMP0211,37,Sales,Technician,14,3249,1,3,No
EMP0212,47,Finance,Manager,14,9457,3,3,No
EMP0213,23,R&D,Technician,8,4892,2,4,No
EMP0214,22,Sales,Director,13,6439,4,3,No
EMP0215,33,R&D,Manager,1,13045,2,3,Yes
EMP0216,26,IT,Technician,9,5854,1,3,No
EMP0217,58,Finance,Analyst,0,12695,4,3,No
EMP0218,53,Sales,Director,1,14577,3,3,No
EMP0219,30,R&D,Director,4,14763,3,3,No
EMP0220,56,IT,Analyst,3,6792,3,3,No
EMP0221,40,R&D,Technician,3,14618,4,3,No
EMP0222,37,R&D,Specialist,8,8330,2,4,No
EMP0223,24,Sales,Analyst,10,10871,4,3,No
EMP0224,41,R&D,Technician,7,11235,4,4,Yes
EMP0225,45,IT,Analyst,5,6612,1,3,No
EMP0226,54,Finance,Analyst,0,5618,4,3,No
EMP0227,45,R&D,Manager,1,7678,3,3,No
EMP0228,32,Sales,Technician,5,6163,2,3,No
EMP0229,29,IT,Specialist,10,12480,2,4,Yes
EMP0230,57,IT,Manager,1,5942,2,3,Yes
EMP0231,59,HR,Analyst,14,11411,3,3,No
EMP0232,41,IT,Analyst,12,4925,3,3,No
EMP0233,56,IT,Analyst,9,5972,3,3,No
EMP0234,46,Finance,Technician,4,14705,3,3,No
EMP0235,56,R&D,Technician,13,13640,3,3,No
EMP0236,46,Sales,Manager,4,14663,4,3,Yes
EMP0237,50,Finance,Specialist,5,13966,3,3,No
EMP0238,39,R&D,Manager,5,3990,3,3,No
EMP0239,39,Finance,Director,13,14138,3,3,No
EMP0240,23,R&D,Analyst,5,4812,3,3,No
EMP0241,56,R&D,Analyst,13,11995,2,3,No
EMP0242,37,Sales,Analyst,1,3489,3,3,No
EMP0243,57,R&D,Manager,13,14748,4,3,No
EMP0244,54,IT,Manager,9,8876,4,3,No
EMP0245,25,Finance,Analyst,13,12685,4,3,No
EMP0246,54,Finance,Manager,12,6645,1,4,Yes
EMP0247,35,HR,Technician,14,10081,2,3,No
EMP0248,42,R&D,Technician,13,5891,3,3,Yes
EMP0249,41,Sales,Manager,2,12897,1,4,Yes
EMP0250,29,Sales,Analyst,13,6516,3,4,No
EMP0251,28,Sales,Manager,5,6340,1,3,No
EMP0252,24,R&D,Manager,12,9410,1,4,No
EMP0253,38,Sales,Manager,7,3053,4,3,No
EMP0254,54,Sales,Director,11,5575,4,3,Yes
EMP0255,33,IT,Technician,12,14783,1,3,No
EMP0256,43,IT,Specialist,10,3615,4,3,No
EMP0257,43,Sales,Specialist,11,8944,1,3,Yes
EMP0258,51,HR,Director,0,10404,2,3,No
EMP0259,59,Finance,Manager,0,3954,4,3,No
EMP0260,59,R&D,Director,10,13625,4,4,No
EMP0261,29,IT,Director,12,4629,4,4,No
EMP0262,48,IT,Analyst,1,13973,2,3,No
EMP0263,48,Sales,Technician,10,9859,1,4,Yes
EMP0264,55,Sales,Specialist,14,11841,3,4,Yes
EMP0265,42,R&D,Manager,11,13539,4,3,No
EMP0266,51,Sales,Specialist,11,6278,1,3,No
EMP0267,54,R&D,Specialist,5,8455,2,3,No
EMP0268,49,IT,Technician,8,13832,3,4,Yes
EMP0269,54,R&D,Specialist,3,6801,4,3,No
EMP0270,26,Sales,Specialist,2,5561,2,3,Yes
EMP0271,40,IT,Director,11,14441,2,3,No
EMP0272,25,Finance,Technician,7,9539,3,3,No
EMP0273,56,R&D,Analyst,10,3370,1,3,Yes
EMP0274,38,R&D,Manager,9,3857,4,3,No
EMP0275,49,R&D,Specialist,13,7886,4,3,No
EMP0276,51,HR,Manager,8,10485,1,4,Yes
EMP0277,50,R&D,Analyst,11,3383,1,4,Yes
EMP0278,27,Sales,Manager,10,13744,1,3,Yes
EMP0279,56,IT,Analyst,4,7334,3,4,Yes
EMP0280,58,R&D,Director,8,7290,3,3,No
EMP0281,45,IT,Specialist,1,5725,4,3,No
EMP0282,50,IT,Analyst,2,14485,3,3,Yes
EMP0283,52,R&D,Manager,6,9204,2,4,Yes
EMP0284,56,IT,Specialist,6,9111,4,4,No
EMP0285,54,Sales,Director,5,7251,3,3,No
EMP0286,42,IT,Specialist,5,3922,1,4,No
EMP0287,53,Sales,Analyst,1,5915,2,3,Yes
EMP0288,44,HR,Director,9,14142,1,3,No
EMP0289,54,Sales,Manager,5,10957,4,3,No
EMP0290,24,IT,Director,3,6046,1,3,Yes
EMP0291,39,Finance,Director,11,12166,3,3,No
EMP0292,46,Sales,Technician,2,4230,3,4,No
EMP0293,52,IT,Director,12,13627,4,3,No
EMP0294,24,R&D,Director,10,10647,1,3,No
EMP0295,45,R&D,Specialist,12,13006,4,3,No
EMP0296,53,R&D,Manager,1,14126,1,3,Yes
EMP0297,43,Sales,Specialist,0,7933,2,4,No
EMP0298,44,R&D,Specialist,10,12555,3,3,No
EMP0299,23,IT,Analyst,10,6940,4,3,No
EMP0300,48,R&D,Specialist,4,9483,2,4,No
EMP0301,23,HR,Technician,1,3203,2,3,No
EMP0302,47,R&D,Technician,1,3160,4,3,No
EMP0303,38,IT,Analyst,6,11960,4,3,No
EMP0304,54,IT,Manager,7,6748,2,3,No
EMP0305,30,Sales,Manager,12,9718,1,3,Yes
EMP0306,50,IT,Specialist,9,5581,2,3,No
EMP0307,47,R&D,Specialist,7,4093,4,4,No
EMP0308,56,Finance,Specialist,13,7500,2,4,No
EMP0309,46,R&D,Manager,3,11799,1,3,No
EMP0310,45,IT,Director,14,8710,3,3,No
EMP0311,34,R&D,Technician,13,12732,3,4,No
EMP0312,28,Sales,Director,0,5875,2,3,Yes
EMP0313,57,Finance,Director,10,6191,1,3,No
EMP0314,41,R&D,Manager,6,4837,3,3,No
EMP0315,22,R&D,Director,0,3689,2,4,No
EMP0316,29,R&D,Analyst,10,6759,2,3,No
EMP0317,37,Sales,Specialist,3,14141,1,3,Yes
EMP0318,35,Sales,Analyst,7,5103,4,3,No
EMP0319,33,R&D,Technician,1,3365,2,4,Yes
EMP0320,44,Sales,Specialist,5,14767,4,3,No
EMP0321,36,R&D,Director,12,11092,4,4,No
EMP0322,49,Finance,Technician,5,7172,3,3,No
EMP0323,55,R&D,Specialist,11,9033,4,3,No
EMP0324,23,R&D,Director,8,5378,1,3,Yes
EMP0325,53,R&D,Analyst,4,4205,3,3,No
EMP0326,44,Sales,Specialist,9,7988,3,4,No
EMP0327,43,Finance,Director,3,8669,3,3,No
EMP0328,46,Sales,Analyst,4,5735,2,3,Yes
EMP0329,43,R&D,Technician,11,14539,2,3,No
EMP0330,43,Finance,Technician,11,12867,4,3,No
EMP0331,27,Finance,Technician,9,11490,3,3,No
EMP0332,36,R&D,Technician,14,3956,3,3,No
EMP0333,58,Finance,Manager,10,12306,1,4,No
EMP0334,54,IT,Specialist,4,9623,4,3,No
EMP0335,29,R&D,Specialist,7,13697,1,3,Yes
EMP0336,26,Finance,Manager,9,4474,4,3,No
EMP0337,25,Finance,Director,11,7460,4,3,No
EMP0338,27,Sales,Director,7,10002,2,3,No
EMP0339,53,R&D,Technician,1,14918,2,4,Yes
EMP0340,51,R&D,Analyst,6,14663,1,3,No
EMP0341,56,IT,Director,7,9396,4,3,No
EMP0342,37,IT,Analyst,10,5828,3,3,No
EMP0343,34,HR,Specialist,5,5850,2,4,No
EMP0344,51,Sales,Analyst,4,13698,3,3,No
EMP0345,40,HR,Specialist,10,14962,1,3,No
EMP0346,38,Sales,Manager,8,5964,2,3,No
EMP0347,40,Sales,Manager,12,7594,2,3,No
EMP0348,49,R&D,Technician,2,12141,4,3,No
EMP0349,47,Finance,Director,11,9644,1,3,Yes
EMP0350,58,Sales,Technician,12,5850,4,3,No
EMP0351,47,Finance,Specialist,12,3165,2,3,No
EMP0352,44,R&D,Technician,9,14678,1,4,No
EMP0353,30,R&D,Analyst,3,13701,2,3,No
EMP0354,33,R&D,Specialist,8,3919,1,3,Yes
EMP0355,22,Sales,Manager,5,11305,2,3,No
EMP0356,22,IT,Director,7,6504,3,3,No
EMP0357,55,R&D,Specialist,6,3991,3,3,No
EMP0358,53,IT,Specialist,10,9047,4,3,No
EMP0359,46,Sales,Analyst,1,6839,3,3,Yes
EMP0360,22,Finance,Director,2,4258,2,3,Yes
EMP0361,37,R&D,Manager,0,10609,2,4,No
EMP0362,26,Finance,Specialist,8,14618,3,3,Yes
EMP0363,43,Finance,Specialist,12,11706,4,4,No
EMP0364,50,R&D,Analyst,6,7804,3,3,No
EMP0365,24,R&D,Technician,0,14388,1,3,No
EMP0366,33,IT,Manager,2,13776,1,3,No
EMP0367,47,IT,Director,3,3067,1,3,Yes
EMP0368,37,R&D,Specialist,3,12788,3,3,No
EMP0369,58,Finance,Specialist,4,8660,3,3,No
EMP0370,43,IT,Manager,13,7478,3,4,No
EMP0371,50,IT,Technician,2,11210,1,4,Yes
EMP0372,35,IT,Specialist,2,13922,4,3,Yes
EMP0373,49,Finance,Manager,0,6521,2,3,No
EMP0374,26,Sales,Analyst,6,3572,3,3,No
EMP0375,51,Sales,Technician,10,10082,4,3,No
EMP0376,26,Sales,Director,9,10832,2,3,No
EMP0377,33,Finance,Specialist,13,8395,2,4,No
EMP0378,37,Finance,Manager,0,5258,2,3,No
EMP0379,47,R&D,Analyst,1,14094,4,3,No
EMP0380,47,IT,Director,12,9039,4,3,No
EMP0381,42,Finance,Manager,3,3650,1,3,Yes
EMP0382,57,Sales,Manager,12,8741,4,3,Yes
EMP0383,54,Sales,Director,3,9838,4,3,No
EMP0384,51,Sales,Analyst,4,5587,4,3,No
EMP0385,58,R&D,Analyst,10,10876,2,3,No
EMP0386,44,R&D,Technician,1,6262,3,3,No
EMP0387,31,R&D,Specialist,3,4338,1,4,No
EMP0388,26,R&D,Director,0,7996,3,3,No
EMP0389,57,Sales,Director,1,14826,3,3,No
EMP0390,55,Sales,Director,0,8780,4,3,No
EMP0391,52,R&D,Analyst,9,5827,1,3,No
EMP0392,31,Finance,Specialist,9,8232,3,3,No
EMP0393,40,R&D,Technician,12,5217,3,4,No
EMP0394,53,IT,Manager,3,6539,1,3,Yes
EMP0395,22,IT,Manager,3,10845,4,3,No
EMP0396,26,R&D,Director,6,12229,3,3,No
EMP0397,25,Sales,Specialist,9,7383,2,3,No
EMP0398,37,R&D,Analyst,10,5961,3,4,No
EMP0399,45,Sales,Specialist,10,6226,2,4,No
EMP0400,37,HR,Specialist,8,9837,4,3,No
EMP0401,23,R&D,Analyst,8,10031,3,3,No
EMP0402,49,Sales,Director,4,12290,1,3,No
EMP0403,53,R&D,Specialist,9,13516,1,4,No
EMP0404,48,R&D,Manager,0,12131,3,3,No
EMP0405,41,HR,Analyst,0,6716,4,4,No
EMP0406,45,Sales,Technician,5,6414,4,3,No
EMP0407,33,Sales,Director,1,4448,1,3,Yes
EMP0408,56,Sales,Analyst,7,3570,3,3,No
EMP0409,54,IT,Technician,12,5904,4,4,No
EMP0410,54,R&D,Technician,8,5505,1,4,Yes
EMP0411,58,Sales,Specialist,12,3917,2,3,Yes
EMP0412,33,HR,Specialist,3,13066,3,3,No
EMP0413,24,Sales,Specialist,4,9982,2,3,No
EMP0414,22,IT,Analyst,10,10427,2,3,No
EMP0415,54,Finance,Analyst,7,9336,4,3,No
EMP0416,31,HR,Director,2,4678,4,3,Yes
EMP0417,50,Finance,Specialist,4,3615,4,4,No
EMP0418,34,IT,Technician,2,12941,3,3,Yes
EMP0419,33,IT,Manager,11,10086,2,4,No
EMP0420,52,Finance,Director,9,13669,3,3,No
EMP0421,23,Finance,Analyst,2,7749,4,3,Yes
EMP0422,56,R&D,Director,2,6505,2,3,No
EMP0423,44,R&D,Director,12,14667,3,3,No
EMP0424,38,Sales,Director,11,7529,3,3,No
EMP0425,47,R&D,Director,6,4135,1,3,No
EMP0426,29,Sales,Manager,14,11566,3,3,No
EMP0427,50,R&D,Specialist,6,10226,4,3,No
EMP0428,47,Sales,Technician,6,8162,3,3,Yes
EMP0429,31,Finance,Director,9,3206,2,3,No
EMP0430,47,IT,Director,7,7875,3,4,No
EMP0431,55,R&D,Director,4,4319,1,4,No
EMP0432,28,Sales,Specialist,4,4141,2,3,No
EMP0433,25,IT,Analyst,13,7627,2,3,No
EMP0434,32,R&D,Analyst,3,10389,1,3,Yes
EMP0435,50,Finance,Manager,6,5690,4,4,No
EMP0436,57,Sales,Analyst,9,10323,2,3,No
EMP0437,46,Sales,Director,3,6255,4,3,No
EMP0438,42,IT,Director,14,11281,2,3,No
EMP0439,57,R&D,Director,1,8213,2,3,No
EMP0440,31,HR,Manager,3,7108,4,3,No
EMP0441,58,Finance,Director,12,6020,2,3,No
EMP0442,30,R&D,Analyst,12,4857,4,3,No
EMP0443,45,HR,Specialist,7,11996,1,3,Yes
EMP0444,56,IT,Specialist,8,12136,4,3,No
EMP0445,56,R&D,Technician,2,5789,1,3,Yes
EMP0446,57,IT,Analyst,6,6875,2,4,No
EMP0447,39,Sales,Director,13,10605,4,3,No
EMP0448,53,HR,Specialist,11,12802,2,4,No
EMP0449,45,HR,Analyst,13,11135,4,3,Yes
EMP0450,44,R&D,Specialist,8,14115,1,3,No
EMP0451,53,IT,Director,10,9055,1,4,No
EMP0452,58,IT,Specialist,3,6882,4,3,No
EMP0453,33,HR,Technician,9,14413,1,4,No
EMP0454,34,Finance,Technician,14,10175,2,3,No
EMP0455,44,HR,Specialist,2,10129,2,4,No
EMP0456,46,Sales,Analyst,4,8021,3,3,No
EMP0457,56,HR,Analyst,0,7735,1,3,Yes
EMP0458,51,Sales,Analyst,2,5387,2,3,Yes
EMP0459,38,Sales,Specialist,14,9582,4,4,Yes
EMP0460,41,Finance,Analyst,7,12133,1,4,Yes
EMP0461,46,Sales,Director,10,8866,2,4,No
EMP0462,43,R&D,Technician,7,5566,1,4,No
EMP0463,34,R&D,Director,14,3975,4,3,No
EMP0464,40,Sales,Analyst,12,10212,2,3,No
EMP0465,57,Finance,Director,3,12146,3,3,No
EMP0466,33,Sales,Analyst,1,4262,3,3,No
EMP0467,40,HR,Specialist,12,8047,1,3,No
EMP0468,33,Sales,Director,7,12135,4,3,Yes
EMP0469,30,HR,Specialist,7,13394,2,3,No
EMP0470,28,Sales,Specialist,9,10382,4,3,No
EMP0471,49,Sales,Manager,3,9231,2,3,Yes
EMP0472,35,Finance,Analyst,2,6327,1,3,Yes
EMP0473,52,IT,Technician,1,8630,2,3,No
EMP0474,40,Sales,Analyst,8,5259,4,3,No
EMP0475,37,R&D,Technician,0,13020,4,3,No
EMP0476,26,R&D,Analyst,6,4257,1,3,No
EMP0477,56,R&D,Specialist,4,3464,4,3,No
EMP0478,33,HR,Director,7,6294,2,3,No
EMP0479,46,Sales,Director,3,9774,1,3,No
EMP0480,42,Sales,Manager,6,10431,2,3,No
EMP0481,57,Sales,Technician,12,4230,4,3,No
EMP0482,44,R&D,Technician,4,13846,1,3,No
EMP0483,37,Sales,Technician,14,12076,2,3,No
EMP0484,35,R&D,Specialist,13,6805,4,4,No
EMP0485,52,Sales,Technician,4,9419,4,4,Yes
EMP0486,26,R&D,Director,13,8750,3,3,Yes
EMP0487,56,Finance,Specialist,8,6856,4,3,Yes
EMP0488,44,R&D,Analyst,8,6135,2,3,No
EMP0489,50,IT,Technician,12,9953,1,3,Yes
EMP0490,32,Sales,Technician,8,12116,3,4,No
EMP0491,39,Finance,Analyst,11,9034,4,3,No
EMP0492,33,HR,Technician,5,7589,4,3,No
EMP0493,30,Finance,Analyst,5,4546,4,3,No
EMP0494,31,Finance,Specialist,4,9065,2,4,No
EMP0495,38,Sales,Director,8,4094,3,3,No
EMP0496,59,Sales,Analyst,9,5411,2,3,No
EMP0497,28,Sales,Manager,7,5617,3,3,No
EMP0498,34,Sales,Analyst,6,11954,1,3,No
EMP0499,30,R&D,Technician,6,13515,2,3,No
EMP0500,48,Sales,Specialist,5,7145,2,3,Yes
EMP0501,23,HR,Specialist,4,5775,1,4,Yes
EMP0502,26,Sales,Analyst,12,9628,3,4,Yes
EMP0503,50,Finance,Director,3,6155,4,4,No
EMP0504,58,HR,Manager,2,6970,1,3,Yes
EMP0505,59,IT,Specialist,2,10972,4,4,No
EMP0506,40,R&D,Technician,5,13232,4,3,Yes
EMP0507,29,Sales,Technician,14,11775,1,3,No
EMP0508,22,Sales,Director,3,8415,3,3,No
EMP0509,43,Sales,Specialist,11,7331,4,3,No
EMP0510,38,Finance,Analyst,11,13295,1,3,No
EMP0511,28,R&D,Technician,5,4942,2,3,No
EMP0512,46,Finance,Director,2,9026,2,3,No
EMP0513,25,Sales,Specialist,14,11301,2,4,No
EMP0514,57,HR,Specialist,3,3191,1,3,Yes
EMP0515,27,HR,Specialist,14,12095,2,3,No
EMP0516,52,Sales,Specialist,8,3861,4,3,No
EMP0517,40,Sales,Specialist,4,9711,2,3,No
EMP0518,48,Sales,Technician,12,12275,2,3,No
EMP0519,31,R&D,Director,6,3649,4,3,No
EMP0520,47,Sales,Specialist,9,7134,2,3,No
EMP0521,40,R&D,Manager,1,14803,4,3,No
EMP0522,24,Sales,Manager,13,10587,2,3,No
EMP0523,34,Sales,Director,13,11828,4,4,No
EMP0524,49,Sales,Analyst,4,4036,2,3,No
EMP0525,41,HR,Analyst,8,7131,4,3,No
EMP0526,49,R&D,Analyst,10,5148,1,4,No
EMP0527,29,HR,Manager,2,14349,4,3,No
EMP0528,22,Sales,Analyst,13,14779,2,3,No
EMP0529,24,Sales,Technician,8,14486,2,4,No
EMP0530,34,IT,Specialist,13,8457,3,3,No
EMP0531,49,R&D,Manager,10,9079,4,3,No
EMP0532,46,Sales,Director,14,5430,1,3,No
EMP0533,54,Sales,Director,5,4879,4,3,No
EMP0534,59,Sales,Specialist,3,14905,4,3,No
EMP0535,27,R&D,Manager,6,10542,1,3,No
EMP0536,53,R&D,Analyst,7,5011,4,3,No
EMP0537,42,IT,Analyst,5,6373,1,3,Yes
EMP0538,37,Sales,Technician,4,13335,1,3,No
EMP0539,42,Sales,Technician,5,10357,4,3,No
EMP0540,32,Sales,Analyst,4,13692,4,3,No
EMP0541,58,HR,Director,7,4289,2,3,No
EMP0542,57,R&D,Director,0,4447,2,3,No
EMP0543,56,Sales,Technician,10,6199,3,4,No
EMP0544,40,Sales,Specialist,6,9381,3,3,No
EMP0545,41,IT,Analyst,14,13135,4,3,No
EMP0546,39,R&D,Technician,9,10522,1,3,Yes
EMP0547,35,Sales,Technician,9,9059,3,3,No
EMP0548,36,Sales,Analyst,10,6183,4,4,Yes
EMP0549,52,HR,Analyst,1,8462,3,3,No
EMP0550,22,Sales,Director,14,6216,1,4,No
EMP0551,24,Sales,Specialist,13,6136,4,3,No
EMP0552,37,Finance,Specialist,8,6318,1,3,Yes
EMP0553,44,Finance,Analyst,0,5782,4,3,No
EMP0554,32,Sales,Manager,10,12182,3,4,No
EMP0555,33,IT,Technician,9,10657,2,3,No
EMP0556,31,Sales,Technician,5,7920,3,3,No
EMP0557,53,Sales,Analyst,8,13345,3,3,No
EMP0558,37,R&D,Manager,0,9324,2,3,No
EMP0559,29,IT,Director,3,9327,2,4,Yes
EMP0560,59,R&D,Analyst,3,11417,4,3,No
EMP0561,33,R&D,Analyst,14,3776,4,3,No
EMP0562,45,R&D,Technician,8,14029,1,3,Yes
EMP0563,49,HR,Analyst,10,8208,1,3,No
EMP0564,29,R&D,Analyst,4,3687,3,4,No
EMP0565,49,R&D,Analyst,4,3529,2,3,No
EMP0566,57,R&D,Technician,5,14634,1,3,Yes
EMP0567,47,R&D,Director,0,8067,3,4,No
EMP0568,29,Sales,Director,0,11080,2,3,No
EMP0569,49,HR,Analyst,14,8518,4,3,No
EMP0570,49,Sales,Technician,8,5153,3,3,No
EMP0571,58,Sales,Director,2,12486,4,3,No
EMP0572,57,HR,Director,3,9094,1,3,No
EMP0573,48,R&D,Director,0,9974,1,4,No
EMP0574,38,Sales,Technician,8,12718,2,3,Yes
EMP0575,30,IT,Technician,14,7774,3,3,No
EMP0576,54,Sales,Analyst,7,10692,4,4,No
EMP0577,41,R&D,Specialist,1,14088,2,3,No
EMP0578,34,Sales,Director,7,6103,1,3,Yes
EMP0579,49,Sales,Specialist,14,5440,1,3,No
EMP0580,50,Sales,Technician,6,7135,3,4,No
EMP0581,34,R&D,Technician,10,14994,4,3,No
EMP0582,56,R&D,Technician,5,10124,3,3,No
EMP0583,27,R&D,Specialist,0,8201,4,4,No
EMP0584,39,IT,Technician,14,3844,4,3,No
EMP0585,26,Finance,Analyst,6,3446,3,3,No
EMP0586,46,R&D,Technician,9,6915,2,4,Yes
EMP0587,23,R&D,Manager,6,6109,3,3,No
EMP0588,31,Finance,Specialist,12,4234,3,3,No
EMP0589,51,R&D,Manager,13,9587,1,4,No
EMP0590,26,R&D,Technician,8,3226,1,3,No
EMP0591,54,IT,Analyst,0,7143,3,3,Yes
EMP0592,22,R&D,Director,1,10185,3,4,No
EMP0593,39,HR,Technician,10,14151,1,4,No
EMP0594,53,IT,Analyst,8,8558,4,3,No
EMP0595,32,Sales,Specialist,12,13022,3,3,Yes
EMP0596,42,R&D,Manager,8,14971,2,3,No
EMP0597,47,R&D,Manager,12,3186,2,3,No
EMP0598,46,Finance,Manager,5,14069,2,3,Yes
EMP0599,43,IT,Specialist,5,5535,3,3,No
EMP0600,48,Finance,Analyst,3,4932,4,3,No
EMP0601,34,R&D,Specialist,3,14116,4,3,No
EMP0602,54,Finance,Manager,4,12040,1,3,No
EMP0603,55,IT,Technician,2,5032,3,3,No
EMP0604,56,HR,Director,0,4252,4,3,No
EMP0605,22,IT,Specialist,14,8509,3,3,No
EMP0606,42,Finance,Specialist,0,8074,1,3,No
EMP0607,27,HR,Analyst,11,4881,1,3,No
EMP0608,49,Sales,Analyst,14,3269,1,3,No
EMP0609,38,Sales,Specialist,12,4630,2,3,No
EMP0610,26,R&D,Manager,6,7405,3,4,No
EMP0611,52,HR,Director,0,14395,1,3,Yes
EMP0612,26,Sales,Analyst,0,9139,3,4,No
EMP0613,59,IT,Manager,2,4574,2,3,No
EMP0614,24,IT,Technician,9,14084,2,3,No
EMP0615,44,Finance,Analyst,14,4695,1,4,Yes
EMP0616,58,R&D,Manager,3,6258,1,3,No
EMP0617,58,R&D,Manager,3,6262,4,3,No
EMP0618,31,R&D,Director,1,4445,3,3,Yes
EMP0619,31,HR,Director,0,9263,1,3,No
EMP0620,40,Finance,Technician,2,11411,4,3,Yes
EMP0621,38,IT,Manager,10,3052,3,3,No
EMP0622,42,Sales,Manager,3,12949,1,3,No
EMP0623,35,IT,Director,2,8570,4,3,No
EMP0624,30,IT,Analyst,7,10579,4,4,No
EMP0625,22,Sales,Analyst,13,4666,3,3,Yes
EMP0626,34,IT,Specialist,9,9901,4,3,No
EMP0627,25,Sales,Director,0,5785,3,4,Yes
EMP0628,22,R&D,Specialist,13,3719,3,3,No
EMP0629,53,HR,Director,1,11597,3,3,Yes
EMP0630,55,Sales,Technician,12,9855,2,3,No
EMP0631,49,HR,Manager,6,5294,4,3,No
EMP0632,52,HR,Technician,3,11263,3,3,No
EMP0633,29,Sales,Director,7,13245,1,3,No
EMP0634,47,Sales,Manager,10,12421,2,4,Yes
EMP0635,55,Sales,Analyst,12,12759,2,3,No
EMP0636,24,Sales,Analyst,2,14874,4,3,Yes
EMP0637,33,Sales,Specialist,5,14145,3,3,No
EMP0638,22,Sales,Director,8,7482,4,3,Yes
EMP0639,26,R&D,Director,0,3698,2,4,No
EMP0640,51,Sales,Analyst,0,10243,3,3,No
EMP0641,51,R&D,Technician,7,12018,1,3,No
EMP0642,38,HR,Manager,2,8918,3,4,No
EMP0643,44,Finance,Technician,4,3348,2,3,No
EMP0644,36,Sales,Technician,0,8374,1,3,No
EMP0645,58,Sales,Analyst,4,10869,3,3,Yes
EMP0646,42,IT,Analyst,10,3307,1,4,No
EMP0647,35,Finance,Analyst,5,6416,1,3,No
EMP0648,23,IT,Specialist,7,13526,2,4,No
EMP0649,32,Finance,Technician,12,7820,1,3,No
EMP0650,59,R&D,Director,13,14001,4,3,No
EMP0651,55,R&D,Manager,2,6558,2,4,Yes
EMP0652,59,Sales,Specialist,2,7478,4,3,No
EMP0653,55,R&D,Director,11,14669,1,3,Yes
EMP0654,39,Sales,Technician,10,9531,4,3,No
EMP0655,51,Sales,Analyst,10,7620,3,3,No
EMP0656,36,Sales,Technician,9,13878,1,3,No
EMP0657,48,Finance,Manager,8,5985,3,3,No
EMP0658,55,Finance,Specialist,3,11112,4,3,No
EMP0659,59,Sales,Specialist,14,11467,3,3,No
EMP0660,54,Finance,Manager,3,5547,1,3,Yes
EMP0661,45,Sales,Director,11,13956,3,3,No
EMP0662,36,IT,Director,6,3336,4,3,No
EMP0663,51,R&D,Specialist,1,13165,4,4,Yes
EMP0664,38,IT,Specialist,7,5979,4,3,No
EMP0665,26,HR,Analyst,5,6968,1,3,No
EMP0666,50,Sales,Director,2,3910,4,4,No
EMP0667,25,R&D,Manager,8,4996,1,3,Yes
EMP0668,31,Sales,Director,4,6129,3,4,Yes
EMP0669,38,R&D,Analyst,7,8447,4,3,No
EMP0670,31,R&D,Specialist,6,9129,3,3,No
EMP0671,38,HR,Specialist,13,8850,2,3,No
EMP0672,41,Sales,Analyst,7,7204,3,3,No
EMP0673,45,HR,Manager,6,10446,2,3,No
EMP0674,26,IT,Specialist,2,14949,3,3,No
EMP0675,55,Sales,Technician,1,11519,1,3,Yes
EMP0676,27,Sales,Specialist,6,12991,3,3,No
EMP0677,23,R&D,Technician,2,3314,1,3,Yes
EMP0678,34,Finance,Analyst,2,14737,1,3,Yes
EMP0679,32,Sales,Analyst,1,4134,4,3,Yes
EMP0680,44,IT,Specialist,3,13938,1,3,No
EMP0681,37,Finance,Director,7,7876,2,4,No
EMP0682,52,Sales,Technician,11,11102,4,3,Yes
EMP0683,32,R&D,Manager,0,12712,4,4,No
EMP0684,37,IT,Specialist,0,11347,3,3,No
EMP0685,29,Finance,Manager,11,8592,1,3,Yes
EMP0686,25,R&D,Specialist,13,4724,1,3,No
EMP0687,25,R&D,Director,4,6343,2,3,No
EMP0688,46,Finance,Director,10,3886,3,3,No
EMP0689,24,R&D,Director,4,14265,3,3,No
EMP0690,53,IT,Director,10,13997,4,3,No
EMP0691,24,Sales,Analyst,11,3721,4,3,No
EMP0692,48,R&D,Analyst,0,10678,4,3,No
EMP0693,50,Finance,Technician,5,12104,2,3,No
EMP0694,53,Sales,Manager,0,6357,2,3,No
EMP0695,40,Sales,Specialist,4,3870,4,4,No
EMP0696,42,R&D,Specialist,8,9751,3,3,No
EMP0697,26,R&D,Analyst,11,3497,2,3,No
EMP0698,39,HR,Specialist,13,4756,3,3,No
EMP0699,49,Sales,Analyst,4,4117,3,3,No
EMP0700,43,Sales,Technician,5,14601,1,3,No
EMP0701,42,Finance,Manager,7,5828,4,3,No
EMP0702,27,HR,Technician,10,4647,1,3,No
EMP0703,22,R&D,Director,0,9992,4,3,No
EMP0704,26,Sales,Director,13,14175,4,4,No
EMP0705,33,IT,Director,1,9771,3,4,Yes
EMP0706,47,Finance,Technician,8,3142,4,3,No
EMP0707,55,Sales,Specialist,2,5761,3,3,No
EMP0708,35,R&D,Manager,5,6435,3,3,No
EMP0709,47,Sales,Director,4,9622,4,3,No
EMP0710,48,Finance,Director,10,13623,3,3,No
EMP0711,30,IT,Director,1,10069,3,3,Yes
EMP0712,47,HR,Manager,13,7512,3,4,No
EMP0713,43,Finance,Director,14,4848,2,3,No
EMP0714,51,Finance,Manager,6,5696,3,3,No
EMP0715,38,R&D,Director,3,4717,2,3,No
EMP0716,47,Sales,Technician,0,6072,2,3,Yes
EMP0717,57,R&D,Technician,12,12259,3,3,No
EMP0718,22,R&D,Manager,3,5786,3,4,No
EMP0719,29,IT,Technician,5,6791,2,3,Yes
EMP0720,56,Sales,Manager,6,12480,2,3,No
EMP0721,36,Sales,Technician,14,6871,3,3,No
EMP0722,43,R&D,Technician,6,4806,3,3,No
EMP0723,35,Sales,Manager,13,4504,4,3,No
EMP0724,47,R&D,Specialist,6,6308,2,3,No
EMP0725,49,R&D,Technician,2,10117,2,3,No
EMP0726,44,HR,Director,5,8048,4,4,No
EMP0727,35,R&D,Specialist,12,14143,2,3,No
EMP0728,45,HR,Manager,7,11263,1,3,Yes
EMP0729,23,R&D,Specialist,3,4690,2,3,No
EMP0730,47,R&D,Analyst,12,12536,4,3,No
EMP0731,35,R&D,Analyst,7,6303,1,3,Yes
EMP0732,28,Sales,Technician,1,6113,3,3,No
EMP0733,24,HR,Technician,14,12074,4,3,Yes
EMP0734,44,Sales,Director,9,13854,4,3,No
EMP0735,39,Sales,Specialist,8,10850,3,3,No
EMP0736,59,Finance,Analyst,8,9416,4,4,No
EMP0737,56,R&D,Technician,7,4504,2,3,No
EMP0738,36,Sales,Specialist,9,13655,3,3,No
EMP0739,46,Finance,Technician,13,13745,4,3,No
EMP0740,58,HR,Technician,12,11924,3,4,Yes
EMP0741,49,Sales,Analyst,9,12940,3,3,No
EMP0742,31,IT,Analyst,0,6924,3,3,No
EMP0743,38,Finance,Technician,1,11615,1,3,No
EMP0744,43,R&D,Manager,5,14670,4,3,No
EMP0745,47,HR,Technician,9,12783,1,3,No
EMP0746,46,Sales,Technician,4,7485,4,3,No
EMP0747,38,Sales,Director,11,11100,2,3,No
EMP0748,34,Sales,Director,13,11684,2,3,Yes
EMP0749,41,Sales,Director,8,3191,2,3,Yes
EMP0750,46,HR,Manager,4,11690,4,3,No
EMP0751,25,Sales,Manager,1,7917,3,3,Yes
EMP0752,31,Finance,Technician,9,8831,3,3,No
EMP0753,24,HR,Director,3,12448,1,4,No
EMP0754,39,R&D,Manager,8,13160,1,4,No
EMP0755,57,HR,Analyst,0,7322,2,4,No
EMP0756,43,R&D,Technician,10,13378,1,3,No
EMP0757,55,Sales,Specialist,0,9999,4,3,No
EMP0758,29,HR,Technician,11,12008,4,3,No
EMP0759,40,R&D,Specialist,6,14412,1,3,No
EMP0760,58,Sales,Director,10,10282,1,3,No
EMP0761,27,R&D,Specialist,2,12665,1,3,No
EMP0762,47,R&D,Director,9,12278,1,3,Yes
EMP0763,55,Sales,Analyst,1,4874,2,3,No
EMP0764,27,Sales,Specialist,8,12062,2,3,Yes
EMP0765,58,IT,Technician,2,7763,1,4,Yes
EMP0766,54,Sales,Director,1,13234,4,3,Yes
EMP0767,43,Sales,Technician,11,11464,2,3,No
EMP0768,42,Sales,Manager,7,12221,4,4,No
EMP0769,27,R&D,Director,9,14410,3,3,No
EMP0770,27,IT,Specialist,5,4051,4,3,No
EMP0771,25,HR,Director,5,12765,1,3,No
EMP0772,51,Finance,Technician,9,14382,3,3,No
EMP0773,32,R&D,Analyst,10,10538,2,4,No
EMP0774,51,Sales,Director,6,10411,2,3,No
EMP0775,52,Sales,Specialist,6,14989,3,3,No
EMP0776,45,Finance,Manager,10,14481,4,3,No
EMP0777,30,R&D,Analyst,12,9320,2,3,Yes
EMP0778,24,Sales,Manager,14,14939,1,4,Yes
EMP0779,52,IT,Director,5,5105,3,3,No
EMP0780,58,Sales,Technician,3,3307,1,3,No
EMP0781,57,Sales,Technician,10,10737,3,3,No
EMP0782,45,R&D,Specialist,8,6359,2,3,No
EMP0783,52,IT,Technician,5,6176,4,4,No
EMP0784,27,R&D,Analyst,3,4251,3,3,No
EMP0785,23,Finance,Technician,11,8366,3,3,No
EMP0786,41,Finance,Specialist,2,13939,1,3,Yes
EMP0787,49,R&D,Director,3,4517,2,3,No
EMP0788,32,HR,Director,2,9226,1,3,No
EMP0789,25,R&D,Technician,14,8305,2,4,No
EMP0790,36,R&D,Manager,1,12570,1,3,Yes
EMP0791,27,Finance,Director,13,8869,3,4,No
EMP0792,51,IT,Technician,4,11039,1,3,No
EMP0793,59,HR,Specialist,1,7891,4,3,No
EMP0794,23,Sales,Technician,5,7992,2,3,No
EMP0795,36,R&D,Director,2,4961,2,3,No
EMP0796,32,R&D,Specialist,5,5863,3,4,Yes
EMP0797,29,R&D,Technician,14,13848,2,3,Yes
EMP0798,47,R&D,Analyst,10,13686,4,3,No
EMP0799,26,Sales,Specialist,9,9603,1,3,Yes
EMP0800,27,Sales,Analyst,8,7567,3,3,No
EMP0801,47,Sales,Manager,0,9513,4,3,No
EMP0802,25,R&D,Specialist,5,7005,2,3,No
EMP0803,40,Sales,Analyst,8,14755,2,3,No
EMP0804,41,Finance,Director,10,12114,4,3,No
EMP0805,54,R&D,Director,3,14151,1,3,No
EMP0806,41,IT,Manager,10,3183,1,3,Yes
EMP0807,33,IT,Specialist,11,10755,3,3,No
EMP0808,22,R&D,Specialist,1,6358,2,3,Yes
EMP0809,47,Finance,Specialist,12,9615,4,4,No
EMP0810,35,Sales,Manager,3,12590,1,3,No
EMP0811,59,Sales,Specialist,0,9797,3,3,No
EMP0812,58,Sales,Director,2,13988,2,3,Yes
EMP0813,32,Sales,Analyst,9,11728,2,3,Yes
EMP0814,57,Sales,Director,8,10678,3,3,Yes
EMP0815,34,Sales,Director,9,8698,3,3,No
EMP0816,24,HR,Analyst,4,4273,1,3,Yes
EMP0817,54,HR,Director,14,14159,4,3,No
EMP0818,27,Sales,Manager,10,9653,2,3,No
EMP0819,31,Finance,Analyst,5,14241,4,4,No
EMP0820,26,R&D,Director,2,4096,2,4,No
EMP0821,44,R&D,Technician,4,12497,2,3,No
EMP0822,31,Finance,Director,10,12107,4,3,No
EMP0823,23,Sales,Manager,7,14273,3,4,No
EMP0824,34,R&D,Specialist,5,11002,1,3,No
EMP0825,23,R&D,Director,3,7247,2,4,No
EMP0826,41,R&D,Specialist,1,12220,3,3,Yes
EMP0827,22,IT,Technician,13,8314,2,4,No
EMP0828,58,Sales,Director,8,13169,1,3,Yes
EMP0829,30,IT,Analyst,12,6354,2,4,No
EMP0830,38,Sales,Specialist,11,13703,1,3,No
EMP0831,30,Sales,Technician,0,3270,1,3,Yes
EMP0832,32,Sales,Analyst,0,4186,2,4,Yes
EMP0833,36,HR,Analyst,12,14956,2,3,No
EMP0834,45,R&D,Analyst,3,9305,1,3,No
EMP0835,59,IT,Analyst,6,5398,3,3,No
EMP0836,56,Finance,Director,0,9995,4,3,No
EMP0837,51,Sales,Director,8,10299,1,4,No
EMP0838,52,IT,Director,3,7182,2,3,No
EMP0839,26,Finance,Technician,2,12903,2,3,Yes
EMP0840,35,HR,Technician,0,5230,3,3,No
EMP0841,32,R&D,Technician,9,9511,4,3,No
EMP0842,30,Sales,Manager,3,3128,1,3,Yes
EMP0843,55,Sales,Technician,8,12461,1,3,Yes
EMP0844,33,R&D,Director,12,6672,4,3,No
EMP0845,56,R&D,Director,13,12793,1,4,No
EMP0846,56,Finance,Manager,9,7765,4,3,No
EMP0847,22,R&D,Manager,5,6970,2,3,No
EMP0848,43,Sales,Technician,5,10545,4,4,Yes
EMP0849,50,IT,Specialist,0,8552,1,3,No
EMP0850,29,IT,Manager,9,3627,4,4,No
EMP0851,32,R&D,Analyst,1,14989,3,3,Yes
EMP0852,58,IT,Director,10,9589,2,4,No
EMP0853,35,R&D,Analyst,5,5044,2,3,Yes
EMP0854,51,R&D,Director,1,14744,4,4,No
EMP0855,56,HR,Director,2,5341,1,3,Yes
EMP0856,42,Sales,Manager,3,8884,3,3,No
EMP0857,58,Sales,Manager,10,14406,2,3,No
EMP0858,26,Sales,Analyst,4,11185,2,3,No
EMP0859,40,R&D,Director,14,3249,1,3,No
EMP0860,35,R&D,Analyst,8,5925,1,3,Yes
EMP0861,47,Sales,Specialist,11,8043,3,3,No
EMP0862,25,Finance,Analyst,14,3974,4,3,No
EMP0863,46,HR,Technician,14,12517,1,3,Yes
EMP0864,46,R&D,Analyst,3,10192,4,3,No
EMP0865,39,Sales,Technician,12,12175,3,3,No
EMP0866,29,R&D,Technician,10,12080,4,3,No
EMP0867,35,R&D,Technician,8,14129,2,3,No
EMP0868,53,Finance,Specialist,10,13309,4,3,No
EMP0869,59,R&D,Analyst,9,5672,3,3,No
EMP0870,54,R&D,Analyst,2,10279,3,3,Yes
EMP0871,44,HR,Specialist,7,10531,3,4,No
EMP0872,36,HR,Director,11,12518,4,3,No
EMP0873,54,HR,Manager,0,11662,2,3,No
EMP0874,46,R&D,Analyst,10,4987,1,3,No
EMP0875,38,R&D,Manager,8,3090,2,3,No
EMP0876,54,R&D,Specialist,8,11721,4,3,No
EMP0877,23,R&D,Director,9,7059,4,3,No
EMP0878,35,HR,Director,1,5773,1,3,Yes
EMP0879,27,Finance,Director,3,12878,4,3,No
EMP0880,27,Finance,Specialist,12,11383,3,3,No
EMP0881,24,Finance,Technician,7,13178,3,3,No
EMP0882,28,Sales,Technician,6,14815,3,3,No
EMP0883,29,HR,Manager,0,10409,3,3,No
EMP0884,36,Sales,Technician,4,13377,3,4,No
EMP0885,50,Sales,Technician,6,7440,4,3,Yes
EMP0886,54,Sales,Director,14,10347,1,3,No
EMP0887,51,R&D,Director,3,4008,1,4,No
EMP0888,48,Sales,Manager,14,6783,3,3,No
EMP0889,57,IT,Analyst,14,9646,4,3,No
EMP0890,50,R&D,Manager,0,7298,2,3,No
EMP0891,59,R&D,Manager,8,7668,2,4,No
EMP0892,54,Sales,Specialist,13,7287,4,3,No
EMP0893,58,Finance,Specialist,4,5052,3,3,Yes
EMP0894,48,Sales,Manager,10,9009,1,3,No
EMP0895,54,HR,Manager,1,14500,4,4,Yes
EMP0896,25,R&D,Manager,7,4716,2,3,No
EMP0897,43,HR,Technician,10,3310,2,3,Yes
EMP0898,23,Sales,Specialist,12,7538,2,4,No
EMP0899,31,Finance,Manager,1,4260,3,3,No
EMP0900,26,HR,Director,2,6932,2,3,No
EMP0901,31,R&D,Director,13,14460,4,3,No
EMP0902,54,R&D,Technician,9,3584,4,3,No
EMP0903,59,R&D,Technician,0,13991,2,4,No
EMP0904,34,Sales,Analyst,10,10616,4,3,Yes
EMP0905,52,R&D,Analyst,1,11551,2,4,No
EMP0906,57,HR,Analyst,13,5866,2,3,No
EMP0907,45,Sales,Technician,6,8898,1,3,No
EMP0908,36,R&D,Technician,9,5011,3,4,No
EMP0909,50,R&D,Technician,1,9251,3,3,No
EMP0910,29,R&D,Director,5,7939,1,3,No
EMP0911,26,IT,Technician,14,7006,1,3,Yes
EMP0912,50,R&D,Director,2,4625,3,4,Yes
EMP0913,25,HR,Analyst,3,13956,2,3,No
EMP0914,33,Finance,Analyst,10,3890,2,3,No
EMP0915,23,HR,Analyst,14,9078,3,3,No
EMP0916,48,IT,Manager,12,10036,2,3,Yes
EMP0917,52,Sales,Manager,7,11923,1,3,No
EMP0918,57,IT,Specialist,13,6961,2,3,No
EMP0919,57,R&D,Specialist,2,5504,2,3,No
EMP0920,47,R&D,Specialist,9,11806,4,3,No
EMP0921,48,HR,Manager,5,6806,4,3,No
EMP0922,26,IT,Manager,0,9100,4,4,No
EMP0923,41,Finance,Specialist,6,4719,2,3,No
EMP0924,32,R&D,Specialist,7,9686,3,4,No
EMP0925,31,R&D,Technician,10,4587,1,3,No
EMP0926,59,IT,Specialist,13,10000,2,3,No
EMP0927,27,R&D,Technician,7,12803,3,4,No
EMP0928,29,Finance,Director,2,3896,2,3,Yes
EMP0929,44,Finance,Manager,13,8558,1,3,No
EMP0930,47,Sales,Specialist,9,11469,2,4,No
EMP0931,33,Sales,Manager,0,7647,1,3,No
EMP0932,47,Sales,Manager,8,12828,2,3,No
EMP0933,34,R&D,Manager,12,13350,1,3,No
EMP0934,39,IT,Director,5,5432,2,3,No
EMP0935,46,Sales,Analyst,10,6904,1,3,Yes
EMP0936,54,IT,Specialist,8,14454,4,3,No
EMP0937,33,R&D,Analyst,6,9837,2,3,No
EMP0938,57,IT,Analyst,0,4449,2,3,No
EMP0939,25,Sales,Analyst,11,7500,3,3,No
EMP0940,26,R&D,Manager,11,8454,3,3,No
EMP0941,58,R&D,Technician,0,12424,1,3,Yes
EMP0942,29,Finance,Manager,5,7117,2,3,No
EMP0943,49,HR,Manager,4,11869,1,3,No
EMP0944,52,Finance,Analyst,8,13850,4,3,No
EMP0945,30,R&D,Manager,1,5028,3,3,Yes
EMP0946,50,R&D,Analyst,7,9845,1,3,No
EMP0947,35,Sales,Technician,10,6758,1,4,No
EMP0948,43,Sales,Specialist,4,8904,3,3,No
EMP0949,32,Sales,Analyst,1,7624,2,3,Yes
EMP0950,44,IT,Technician,12,13229,1,3,No
EMP0951,22,IT,Specialist,9,13841,3,3,No
EMP0952,58,IT,Director,10,11848,2,4,No
EMP0953,42,Finance,Analyst,10,3165,4,4,No
EMP0954,47,Sales,Analyst,11,7591,3,3,No
EMP0955,57,Sales,Director,5,3589,1,3,No
EMP0956,44,Sales,Director,9,7524,4,4,No
EMP0957,22,Finance,Analyst,7,5821,2,4,No
EMP0958,36,R&D,Director,3,9509,2,3,No
EMP0959,42,Sales,Manager,1,10693,3,3,No
EMP0960,30,R&D,Specialist,11,12454,3,3,No
EMP0961,30,Sales,Specialist,10,3071,3,4,No
EMP0962,31,IT,Specialist,4,14708,2,3,No
EMP0963,47,Finance,Manager,14,6580,4,3,Yes
EMP0964,56,R&D,Director,11,10962,2,3,No
EMP0965,46,IT,Technician,1,3268,1,3,Yes
EMP0966,47,HR,Director,1,12968,2,3,No
EMP0967,32,R&D,Analyst,14,5462,1,4,No
EMP0968,59,R&D,Specialist,5,12460,4,3,Yes
EMP0969,23,R&D,Director,10,4015,3,3,No
EMP0970,28,R&D,Technician,9,13914,3,3,No
EMP0971,39,IT,Analyst,8,12275,2,3,No
EMP0972,48,Sales,Manager,12,10984,3,3,No
EMP0973,55,IT,Manager,3,3406,4,3,Yes
EMP0974,48,Sales,Technician,5,10384,3,3,Yes
EMP0975,38,R&D,Analyst,6,9049,2,3,No
EMP0976,45,Sales,Specialist,12,9169,4,3,No
EMP0977,46,R&D,Director,10,10982,1,3,No
EMP0978,28,Sales,Analyst,5,14268,2,4,No
EMP0979,27,IT,Manager,7,3985,1,4,No
EMP0980,45,Sales,Technician,3,14795,4,3,Yes
EMP0981,54,HR,Technician,11,7485,2,3,No
EMP0982,50,R&D,Director,14,11901,2,4,No
EMP0983,43,R&D,Technician,0,5618,4,3,No
EMP0984,47,R&D,Technician,6,9289,3,4,No
EMP0985,49,Sales,Analyst,2,12603,2,4,No
EMP0986,42,R&D,Specialist,13,9928,2,3,No
EMP0987,28,Sales,Director,5,8368,1,3,No
EMP0988,38,Sales,Analyst,1,7621,3,4,Yes
EMP0989,41,Sales,Specialist,8,12677,1,3,Yes
EMP0990,41,R&D,Analyst,0,14142,1,3,Yes
EMP0991,43,R&D,Analyst,5,14126,3,3,No
EMP0992,49,IT,Technician,5,10566,3,3,No
EMP0993,28,HR,Specialist,4,7670,4,3,No
EMP0994,22,Sales,Director,12,10658,3,3,Yes
EMP0995,53,R&D,Director,4,4003,2,4,No
EMP0996,34,IT,Specialist,0,13658,3,3,Yes
EMP0997,51,HR,Technician,9,10504,4,3,No
EMP0998,44,Sales,Manager,11,5466,4,3,No
EMP0999,40,IT,Analyst,4,13130,4,3,No
EMP1000,53,R&D,Technician,1,4939,3,3,No
